"   Full Name             ","Short Name","FSF Free?","GPLv2 Compat?","GPLv3 Compat?","Upstream URL ",
"3dfx Glide License             ","   Glide        ","   Yes         ","NO           ","NO           ","<a href=""http://www.users.on.net/%7Etriforce/glidexp/COPYING.txt"" class=""external free"">http://www.users.on.net/~triforce/glidexp/COPYING.txt</a> ",
"4Suite Copyright License       ","   ASL 1.1      ","   Yes         ","NO           ","NO           ","<a href=""http://4suite.org/COPYRIGHT"" class=""external free"">http://4suite.org/COPYRIGHT</a> ",
"Abstyles License               ","   Abstyles     ","   Yes         ","NO           ","NO           ","<a href=""https://fedoraproject.org/wiki/Licensing/Abstyles"" class=""external free"">https://fedoraproject.org/wiki/Licensing/Abstyles</a> ",
"Academic Free License          ","   AFL          ","   Yes         ","NO           ","NO           ","<a href=""http://opensource.org/licenses/afl-3.0.php"" class=""external free"">http://opensource.org/licenses/afl-3.0.php</a> ",
"Academy of Motion Picture Arts and Sciences BSD ","AMPAS BSD"," Yes ","NO           ","NO           ","<a href=""https://fedoraproject.org/wiki/Licensing/BSD#AMPASBSD"" class=""external free"">https://fedoraproject.org/wiki/Licensing/BSD#AMPASBSD</a> ",
"Adobe Systems Incorporated Source Code License Agreement"," Adobe  "," Yes "," Yes         ","Yes             ","<a href=""https://fedoraproject.org/wiki/Licensing/AdobeLicense"" class=""external free"">https://fedoraproject.org/wiki/Licensing/AdobeLicense</a> ",
"Adobe Postscript AFM License   ","   APAFML       ","   Yes         "," Yes               ","Yes     ","<a href=""https://fedoraproject.org/wiki/Licensing/AdobePostscriptAFM"" class=""external free"">https://fedoraproject.org/wiki/Licensing/AdobePostscriptAFM</a> ",
"Adobe Glyph List License       ","   MIT          ","   Yes         ","Yes                ","Yes                ","<a href=""https://fedoraproject.org/wiki/Licensing/MIT#AdobeGlyph"" class=""external free"">https://fedoraproject.org/wiki/Licensing/MIT#AdobeGlyph</a> ",
"Affero General Public License 1.0","   AGPLv1   ","   Yes         ","NO           ","                   ","<a href=""http://www.affero.org/oagpl.html"" class=""external free"">http://www.affero.org/oagpl.html</a> ",
"Affero General Public License 3.0","   AGPLv3     ","   Yes         ","NO           ","<a href=""http://www.fsf.org/licensing/licenses/gpl-faq.html#v3Notwithstanding"" class=""external text"">Sortof</a>            ","<a href=""http://www.fsf.org/licensing/licenses/agpl-3.0.html"" class=""external free"">http://www.fsf.org/licensing/licenses/agpl-3.0.html</a> ",
"Affero General Public License 3.0 or later","  AGPLv3+ "," Yes      ","NO           ","<a href=""http://www.fsf.org/licensing/licenses/gpl-faq.html#v3Notwithstanding"" class=""external text"">Sortof</a>            ","<a href=""http://www.fsf.org/licensing/licenses/agpl-3.0.html"" class=""external free"">http://www.fsf.org/licensing/licenses/agpl-3.0.html</a> ",
"Affero General Public License 3.0 with Zarafa trademark exceptions ","  AGPLv3 with exceptions "," Yes ","NO"," <a href=""http://www.fsf.org/licensing/licenses/gpl-faq.html#v3Notwithstanding"" class=""external text"">Sortof</a>            ","<a href=""http://www.zarafa.com/content/affero-gplv3"" class=""external free"">http://www.zarafa.com/content/affero-gplv3</a> ",
"Afmparse License               ","   Afmparse     ","   Yes         ","Yes                ","Yes                ","<a href=""https://fedoraproject.org/wiki/Licensing/Afmparse"" class=""external free"">https://fedoraproject.org/wiki/Licensing/Afmparse</a> ",
"Amazon Digital Services License","   ADSL         ","   Yes         ","Yes                ","Yes                ","<a href=""https://fedoraproject.org/wiki/Licensing/AmazonDigitalServicesLicense"" class=""external free"">https://fedoraproject.org/wiki/Licensing/AmazonDigitalServicesLicense</a> ",
"AMD's plpa_map.c License       ","   AMDPLPA      ","   Yes         ","NO           ","NO           ","<a href=""https://fedoraproject.org/wiki/Licensing/AMD_plpa_map_License"" class=""external free"">https://fedoraproject.org/wiki/Licensing/AMD_plpa_map_License</a> ",
"Apache Software License 1.0    ","   ASL 1.0      ","   Yes         ","NO           ","NO           ","<a href=""http://www.apache.org/licenses/LICENSE-1.0"" class=""external free"">http://www.apache.org/licenses/LICENSE-1.0</a> ",
"Apache Software License 1.1    ","   ASL 1.1      ","   Yes         ","NO           ","NO           ","<a href=""http://www.apache.org/licenses/LICENSE-1.1"" class=""external free"">http://www.apache.org/licenses/LICENSE-1.1</a> ",
"Apache Software License 2.0    ","   ASL 2.0      ","   Yes         ","NO           ","Yes                ","<a href=""http://www.apache.org/licenses/LICENSE-2.0"" class=""external free"">http://www.apache.org/licenses/LICENSE-2.0</a> ",
"App::s2p License               ","   App-s2p      ","   Yes         ","NO           ","NO           ","<a href=""https://fedoraproject.org/wiki/Licensing/App-s2p"" class=""external free"">https://fedoraproject.org/wiki/Licensing/App-s2p</a> ",
"Apple MIT License "," AML "," Yes "," Yes "," Yes "," <a href=""https://fedoraproject.org/wiki/Licensing/Apple_MIT_License"" class=""external free"">https://fedoraproject.org/wiki/Licensing/Apple_MIT_License</a> ",
"Apple Public Source License 2.0","   APSL 2.0     ","   Yes         ","NO           ","                   ","<a href=""http://www.opensource.apple.com/apsl/2.0.txt"" class=""external free"">http://www.opensource.apple.com/apsl/2.0.txt</a> ",
"Artistic (clarified)           ","   Artistic clarified","   Yes    ","Yes                ","Yes                ","<a href=""https://fedoraproject.org/wiki/Licensing/ArtisticClarified"" class=""external free"">https://fedoraproject.org/wiki/Licensing/ArtisticClarified</a> ",
"Artistic 2.0                   ","   Artistic 2.0 ","   Yes         ","Yes                ","Yes                ","<a href=""http://www.perlfoundation.org/artistic_license_2_0"" class=""external free"">http://www.perlfoundation.org/artistic_license_2_0</a> ",
"Aspell-ru License              ","   ARL          ","   Yes         ","NO           ","NO           ","<a href=""https://fedoraproject.org/wiki/Licensing/AspellRu"" class=""external free"">https://fedoraproject.org/wiki/Licensing/AspellRu</a> ",
"Attribution Assurance License  ","   AAL          ","   Yes         ","NO           ","NO           ","<a href=""http://opensource.org/licenses/attribution.php"" class=""external free"">http://opensource.org/licenses/attribution.php</a> ",
"Bahyph License                 ","   Bahyph       ","   Yes         ","NO           ","NO           ","<a href=""https://fedoraproject.org/wiki/Licensing/Bahyph"" class=""external free"">https://fedoraproject.org/wiki/Licensing/Bahyph</a> ",
"Barr License                   ","   Barr         ","   Yes         ","NO           ","NO           ","<a href=""https://fedoraproject.org/wiki/Licensing/Barr"" class=""external free"">https://fedoraproject.org/wiki/Licensing/Barr</a> ",
"Beerware License               ","   Beerware "," Yes         ","Yes                ","Yes                ","<a href=""https://fedoraproject.org/wiki/Licensing/Beerware"" class=""external free"">https://fedoraproject.org/wiki/Licensing/Beerware</a> ",
"BeOpen Open Source License Agreement Version 1 "," BeOpen "," Yes   ","NO           ","NO           ","<a href=""https://fedoraproject.org/wiki/Licensing/BeOpen"" class=""external free"">https://fedoraproject.org/wiki/Licensing/BeOpen</a> ",
"Bibtex License                 ","   Bibtex       ","   Yes (but only for tex)","NO ","NO           ","<a href=""https://fedoraproject.org/wiki/Licensing/Bibtex"" class=""external free"">https://fedoraproject.org/wiki/Licensing/Bibtex</a> ",
"BitTorrent License             ","   BitTorrent   ","   Yes         ","NO           ","NO           ","<a href=""https://fedoraproject.org/wiki/Licensing/BitTorrent_Open_Source_License"" class=""external free"">https://fedoraproject.org/wiki/Licensing/BitTorrent_Open_Source_License</a> ",
"Boost Software License         ","   Boost        ","   Yes         ","Yes                ","Yes                ","<a href=""http://www.boost.org/LICENSE_1_0.txt"" class=""external free"">http://www.boost.org/LICENSE_1_0.txt</a> ",
"Borceux license                ","   Borceux      ","   Yes         ","Yes                ","Yes                ","<a href=""https://fedoraproject.org/wiki/Licensing/Borceux"" class=""external free"">https://fedoraproject.org/wiki/Licensing/Borceux</a> ",
"BSD License (original)         ","   BSD with advertising"," Yes    ","NO           ","NO           ","<a href=""https://fedoraproject.org/wiki/Licensing/BSD#BSDwithAdvertising"" class=""external free"">https://fedoraproject.org/wiki/Licensing/BSD#BSDwithAdvertising</a> ",
"BSD with attribution           ","   BSD with attribution"," Yes    ","                   ","                   ","<a href=""https://fedoraproject.org/wiki/Licensing/BSD_with_Attribution"" class=""external free"">https://fedoraproject.org/wiki/Licensing/BSD_with_Attribution</a> ",
"BSD License (no advertising)   ","   BSD          ","   Yes         ","Yes                ","Yes                ","<a href=""https://fedoraproject.org/wiki/Licensing/BSD#3ClauseBSD"" class=""external free"">https://fedoraproject.org/wiki/Licensing/BSD#3ClauseBSD</a> ",
"BSD License (two clause)       ","   BSD          ","   Yes         ","Yes                ","Yes                ","<a href=""https://fedoraproject.org/wiki/Licensing/BSD#2ClauseBSD"" class=""external free"">https://fedoraproject.org/wiki/Licensing/BSD#2ClauseBSD</a> ",
"BSD Protection License         ","   BSD Protection ","  Yes        ","NO           ","NO           ","<a href=""https://fedoraproject.org/wiki/Licensing/BSD_Protection_License"" class=""external free"">https://fedoraproject.org/wiki/Licensing/BSD_Protection_License</a> ",
"Computer Associates Trusted Open Source License 1.1"," CATOSL "," Yes","NO          ","NO           ","<a href=""http://opensource.org/licenses/ca-tosl1.1.php"" class=""external free"">http://opensource.org/licenses/ca-tosl1.1.php</a> ",
"CeCILL License v1.1            ","   CeCILL       ","   Yes         ","Yes                ","Yes                ","<a href=""http://www.cecill.info/licences/Licence_CeCILL_V1.1-US.html"" class=""external free"">http://www.cecill.info/licences/Licence_CeCILL_V1.1-US.html</a> ",
"CeCILL License v2              ","   CeCILL       ","   Yes         ","Yes                ","Yes                ","<a href=""http://www.cecill.info/licences.en.html"" class=""external free"">http://www.cecill.info/licences.en.html</a> ",
"CeCILL-B License               ","   CeCILL-B     ","   Yes         ","NO           ","NO           ","<a href=""http://www.cecill.info/licences.en.html"" class=""external free"">http://www.cecill.info/licences.en.html</a> ",
"CeCILL-C License               ","   CeCILL-C     ","   Yes         ","NO           ","NO           ","<a href=""http://www.cecill.info/licences.en.html"" class=""external free"">http://www.cecill.info/licences.en.html</a> ",
"Celtx Public License (CePL)    ","   Netscape     ","   Yes         ","NO           ","NO           ","<a href=""http://www.celtx.com/CePL/"" class=""external free"">http://www.celtx.com/CePL/</a> ",
"CMU License (BSD like)         ","   MIT          ","   Yes         ","Yes                ","Yes                ","<a href=""https://fedoraproject.org/wiki/Licensing/MIT"" class=""external free"">https://fedoraproject.org/wiki/Licensing/MIT</a> ",
"CNRI License (Old Python)      ","   CNRI         ","   Yes         ","NO           ","NO           ","<a href=""http://www.handle.net/python_licenses/python1.6_9-5-00.html"" class=""external free"">http://www.handle.net/python_licenses/python1.6_9-5-00.html</a> ",
"Common Development Distribution License "," CDDL  ","   Yes         ","NO           ","NO           ","<a href=""https://fedoraproject.org/wiki/Licensing/CDDL"" class=""external free"">https://fedoraproject.org/wiki/Licensing/CDDL</a> ",
"Common Public License          ","   CPL          ","   Yes         ","NO           ","NO           ","<a href=""http://www.eclipse.org/legal/cpl-v10.html"" class=""external free"">http://www.eclipse.org/legal/cpl-v10.html</a> ",
"Condor Public License          ","   Condor       ","   Yes         ","NO           ","                   ","<a href=""http://www.cs.wisc.edu/condor/condor-public-license.html"" class=""external free"">http://www.cs.wisc.edu/condor/condor-public-license.html</a> ",
"Copyright Attribution Only     ","   Copyright only","  Yes         ","Yes                ","Yes                ","<a href=""https://fedoraproject.org/wiki/Licensing/CopyrightOnly"" class=""external free"">https://fedoraproject.org/wiki/Licensing/CopyrightOnly</a> ",
"CPAL License 1.0               ","   CPAL         ","   Yes         ","NO           ","NO           ","<a href=""https://www.socialtext.net/open/index.cgi?cpal_license_in_wikitext"" class=""external free"">https://www.socialtext.net/open/index.cgi?cpal_license_in_wikitext</a> ",
"CRC32 License                  ","   CRC32        ","   Yes         ","Yes                ","Yes                ","<a href=""https://fedoraproject.org/wiki/Licensing/CRC32"" class=""external free"">https://fedoraproject.org/wiki/Licensing/CRC32</a> ",
"Creative Commons BSD           ","   BSD          ","   Yes         ","Yes                ","Yes                ","<a href=""http://creativecommons.org/licenses/BSD/"" class=""external free"">http://creativecommons.org/licenses/BSD/</a> ",
"Creative Commons GNU GPL       ","   GPLv2+       ","   Yes         ","N/A                "," <a class=""mw-redirect"" title=""Licensing"" href=""https://fedoraproject.org/wiki/Licensing#GPLCompatibilityMatrix"">See Matrix</a> ","<a href=""http://creativecommons.org/choose/cc-gpl"" class=""external free"">http://creativecommons.org/choose/cc-gpl</a> ",
"Creative Commons GNU LGPL      ","   LGPLv2+      ","   Yes         ","<a class=""mw-redirect"" title=""Licensing"" href=""https://fedoraproject.org/wiki/Licensing#GPLCompatibilityMatrix"">See Matrix</a> "," <a class=""mw-redirect"" title=""Licensing"" href=""https://fedoraproject.org/wiki/Licensing#GPLCompatibilityMatrix"">See Matrix</a> "," <a href=""http://creativecommons.org/choose/cc-lgpl"" class=""external free"">http://creativecommons.org/choose/cc-lgpl</a> ",
"Creative Commons Zero 1.0 Universal "," CC0       ","   Yes         ","Yes                ","Yes                ","<a href=""http://creativecommons.org/publicdomain/zero/1.0/legalcode"" class=""external free"">http://creativecommons.org/publicdomain/zero/1.0/legalcode</a> ",
"Crossword License              ","   Crossword    ","   Yes         ","Yes                ","Yes                ","<a href=""https://fedoraproject.org/wiki/Licensing/Crossword"" class=""external free"">https://fedoraproject.org/wiki/Licensing/Crossword</a> ",
"Cryptix General License        ","   BSD          ","   Yes         ","Yes                ","Yes                ","<a href=""http://www.cryptix.org/LICENSE.TXT"" class=""external free"">http://www.cryptix.org/LICENSE.TXT</a> ",
"Crystal Stacker License        ","   Crystal Stacker"," Yes         ","Yes                ","Yes                ","<a href=""https://fedoraproject.org/wiki/Licensing/CrystalStacker"" class=""external free"">https://fedoraproject.org/wiki/Licensing/CrystalStacker</a> ",
"CUA Office Public License Version 1.0 "," MPLv1.1 ","   Yes         ","Compatible if dual licensed with GPL, otherwise Incompatible"," ","<a href=""http://opensource.org/licenses/cuaoffice.php"" class=""external free"">http://opensource.org/licenses/cuaoffice.php</a> ",
"Cube License                   ","   Cube         ","   Yes         ","No                 ","No                 ","<a href=""https://fedoraproject.org/wiki/Licensing/Cube"" class=""external free"">https://fedoraproject.org/wiki/Licensing/Cube</a> ",
"diffmark license               ","   diffmark     ","   Yes         ","Yes                ","Yes "," <a href=""https://fedoraproject.org/wiki/Licensing/diffmark"" class=""external free"">https://fedoraproject.org/wiki/Licensing/diffmark</a> ",
"Do What The F*ck You Want To Public License"," WTFPL "," Yes        ","Yes                ","Yes                ","<a href=""https://fedoraproject.org/wiki/Licensing/WTFPL"" class=""external free"">https://fedoraproject.org/wiki/Licensing/WTFPL</a> ",
"DOC License                    ","   DOC          ","   Yes         ","Yes                ","Yes                ","<a href=""http://www.cs.wustl.edu/%7Eschmidt/ACE-copying.html"" class=""external free"">http://www.cs.wustl.edu/~schmidt/ACE-copying.html</a> ",
"Docbook MIT License            ","   DMIT         ","   Yes         ","NO           ","NO           ","<a href=""https://fedoraproject.org/wiki/Licensing/DMIT"" class=""external free"">https://fedoraproject.org/wiki/Licensing/DMIT</a> ",
"Dotseqn License                ","   Dotseqn      ","   Yes         ","NO           ","NO           ","<a href=""https://fedoraproject.org/wiki/Licensing/Dotseqn"" class=""external free"">https://fedoraproject.org/wiki/Licensing/Dotseqn</a> ",
"DSDP License                   ","   DSDP         ","   Yes         ","Yes                ","Yes                ","<a href=""https://fedoraproject.org/wiki/Licensing/DSDP"" class=""external free"">https://fedoraproject.org/wiki/Licensing/DSDP</a> ",
"dvipdfm License                ","   dvipdfm      ","   Yes         ","NO           ","NO           ","<a href=""https://fedoraproject.org/wiki/Licensing/dvipdfm"" class=""external free"">https://fedoraproject.org/wiki/Licensing/dvipdfm</a> ",
"Eclipse Distribution License 1.0 "," BSD          ","   Yes         ","Yes                ","Yes                ","<a href=""http://www.eclipse.org/org/documents/edl-v10.php"" class=""external free"">http://www.eclipse.org/org/documents/edl-v10.php</a> ",
"Eclipse Public License 1.0     ","   EPL          ","   Yes         ","NO           ","                   ","<a href=""http://www.eclipse.org/legal/epl-v10.html"" class=""external free"">http://www.eclipse.org/legal/epl-v10.html</a> ",
"eCos License v2.0              ","   eCos         ","   Yes         ","Yes                ","Yes                ","<a href=""http://www.fsf.org/licensing/licenses/ecos-license.html"" class=""external free"">http://www.fsf.org/licensing/licenses/ecos-license.html</a> ",
"Educational Community License 1.0"," ECL 1.0      ","   Yes         ","Yes                ","Yes                ","<a href=""http://opensource.org/licenses/ecl1.php"" class=""external free"">http://opensource.org/licenses/ecl1.php</a> ",
"Educational Community License 2.0"," ECL 2.0      ","   Yes         ","NO           ","Yes                ","<a href=""http://www.osedu.org/licenses/ECL-2.0/"" class=""external free"">http://www.osedu.org/licenses/ECL-2.0/</a> ",
"eGenix.com Public License 1.1.0 "," eGenix        ","   Yes         ","Yes                ","Yes                ","<a href=""https://fedoraproject.org/wiki/Licensing/eGenix.com_Public_License_1.1.0"" class=""external free"">https://fedoraproject.org/wiki/Licensing/eGenix.com_Public_License_1.1.0</a> ",
"Eiffel Forum License 2.0       ","   EFL 2.0      ","   Yes         ","Yes                ","Yes                ","<a href=""http://www.fsf.org/licensing/licenses/eiffel-forum-license-2.html"" class=""external free"">http://www.fsf.org/licensing/licenses/eiffel-forum-license-2.html</a> ",
"enna License                   ","   MIT          ","   Yes         ","Yes                ","Yes                ","<a href=""https://fedoraproject.org/wiki/Licensing/MIT#enna"" class=""external free"">https://fedoraproject.org/wiki/Licensing/MIT#enna</a> ",
"Enlightenment License (e16)    ","   MIT with advertising "," Yes   ","NO           ","NO           ","<a href=""https://fedoraproject.org/wiki/Licensing/MIT_With_Advertising"" class=""external free"">https://fedoraproject.org/wiki/Licensing/MIT_With_Advertising</a> ",
"Entessa Public License         ","   Entessa      ","   Yes         ","NO           ","NO           ","<a href=""http://opensource.org/licenses/entessa.php"" class=""external free"">http://opensource.org/licenses/entessa.php</a> ",
"EPICS Open License             ","   EPICS        ","   Yes         ","Yes                ","Yes                ","<a href=""http://www.aps.anl.gov/epics/license/open.php"" class=""external free"">http://www.aps.anl.gov/epics/license/open.php</a> ",
"Erlang Public License 1.1      ","   ERPL         ","   Yes         ","NO           ","NO           ","<a href=""https://fedoraproject.org/wiki/Licensing/ErlangPublicLicense"" class=""external free"">https://fedoraproject.org/wiki/Licensing/ErlangPublicLicense</a> ",
"EU Datagrid Software License   ","   EU Datagrid  ","   Yes         ","Yes                ","Yes                ","<a href=""http://www.opensource.org/licenses/eudatagrid.php"" class=""external free"">http://www.opensource.org/licenses/eudatagrid.php</a> ",
"European Union Public License 1.1 ","EUPL 1.1     ","   Yes         ","Yes                ","NO           ","<a href=""http://ec.europa.eu/idabc/en/document/7774.html"" class=""external free"">http://ec.europa.eu/idabc/en/document/7774.html</a> ",
"Eurosym License                ","   Eurosym      ","   Yes         ","NO           ","NO           ","<a href=""https://fedoraproject.org/wiki/Licensing/Eurosym"" class=""external free"">https://fedoraproject.org/wiki/Licensing/Eurosym</a> ",
"Fedora Directory Server License","   GPLv2 with exceptions "," Yes  ","Yes                ","Yes                ","<a href=""http://directory.fedoraproject.org/wiki/GPL_Exception_License_Text"" class=""external free"">http://directory.fedoraproject.org/wiki/GPL_Exception_License_Text</a> ",
"Fair License                   ","   Fair         ","   Yes         ","Yes                ","Yes                ","<a href=""http://opensource.org/licenses/fair.php"" class=""external free"">http://opensource.org/licenses/fair.php</a> ",
"feh License                    ","   MIT          ","   Yes         ","Yes                ","Yes                ","<a href=""https://fedoraproject.org/wiki/Licensing/MIT#feh"" class=""external free"">https://fedoraproject.org/wiki/Licensing/MIT#feh</a> ",
"FLTK License                   ","   LGPLv2 with exceptions "," Yes ","Yes                ","Yes                ","<a href=""http://www.fltk.org/COPYING.php"" class=""external free"">http://www.fltk.org/COPYING.php</a> ",
"FreeImage Public License       ","   MPLv1.0      ","   Yes         ","NO           ","NO           ","<a href=""http://freeimage.sourceforge.net/freeimage-license.txt"" class=""external free"">http://freeimage.sourceforge.net/freeimage-license.txt</a> ",
"Freetype License               ","   FTL          ","   Yes         ","NO           ","Yes                ","<a href=""http://freetype.fis.uniroma2.it/FTL.TXT"" class=""external free"">http://freetype.fis.uniroma2.it/FTL.TXT</a> ",
"FSF Unlimited License          ","   FSFUL        ","   Yes         ","Yes                ","Yes                ","<a href=""https://fedoraproject.org/wiki/Licensing/FSF_Unlimited_License"" class=""external free"">https://fedoraproject.org/wiki/Licensing/FSF_Unlimited_License</a> ",
"FSF Unlimited License (with License Retention) "," FSFULLR     "," Yes  "," Yes           ","Yes                ","<a href=""https://fedoraproject.org/wiki/Licensing/FSF_Unlimited_License#License_Retention_Variant"" class=""external free"">https://fedoraproject.org/wiki/Licensing/FSF_Unlimited_License#License_Retention_Variant</a> ",
"Giftware License               ","   Giftware     ","   Yes         ","Yes                ","Yes                ","<a href=""http://www.talula.demon.co.uk/allegro/license.html"" class=""external free"">http://www.talula.demon.co.uk/allegro/license.html</a> ",
"GL2PS License                  ","   GL2PS        ","   Yes         ","Yes                ","Yes                ","<a href=""http://www.geuz.org/gl2ps/COPYING.GL2PS"" class=""external free"">http://www.geuz.org/gl2ps/COPYING.GL2PS</a> ",
"Glulxe License                 ","   Glulxe       ","   Yes         ","Yes                ","Yes           ","<a href=""https://fedoraproject.org/wiki/Licensing/Glulxe"" class=""external free"">https://fedoraproject.org/wiki/Licensing/Glulxe</a> ",
"GNU General Public License (no version)"," GPL+   ","   Yes         "," Yes                ","Yes                 ","A GPL or LGPL licensed package that lacks any statement of what version that it's licensed under in the source code/program output/accompanying docs is technically licensed under *any* version of the GPL or LGPL, not just the version in whatever COPYING file they include. ",
"GNU General Public License (no version), with Classpath exception","GPL+ with exceptions","Yes","Yes ","Yes ","A GPL or LGPL licensed package that lacks any statement of what version that it's licensed under in the source code/program output/accompanying docs is technically licensed under *any* version of the GPL or LGPL, not just the version in whatever COPYING file they include. And if they manage to grant the <a href=""https://fedoraproject.org/wiki/Licensing/GPL_Classpath_Exception"" class=""external text"">Classpath exception</a> without specifying a version, you get this strange beast. ",
"GNU General Public License (no version), with font embedding exception","GPL+ with exceptions","Yes","Yes ","Yes ","A GPL or LGPL licensed package that lacks any statement of what version that it's licensed under in the source code/program output/accompanying docs is technically licensed under *any* version of the GPL or LGPL, not just the version in whatever COPYING file they include. And if they manage to grant the font embedding exception without specifying a version, you get this strange beast. ",
"GNU General Public License v1.0 only","GPLv1      ","   Yes         ","NO             "," NO            ","<a href=""http://www.gnu.org/licenses/old-licenses/gpl-1.0.txt"" class=""external free"">http://www.gnu.org/licenses/old-licenses/gpl-1.0.txt</a> ",
"GNU General Public License v1.0 or later "," GPL+ ","   Yes         "," Yes                 "," Yes                 ","Note that this is not GPLv1+, because 1+ is the same as any version. ",
"GNU General Public License v2.0 only","GPLv2      ","   Yes       ","<a class=""mw-redirect"" title=""Licensing"" href=""https://fedoraproject.org/wiki/Licensing#GPLCompatibilityMatrix"">See Matrix</a>          "," <a class=""mw-redirect"" title=""Licensing"" href=""https://fedoraproject.org/wiki/Licensing#GPLCompatibilityMatrix"">See Matrix</a>         ","<a href=""http://www.gnu.org/licenses/old-licenses/gpl-2.0.html"" class=""external free"">http://www.gnu.org/licenses/old-licenses/gpl-2.0.html</a> ",
"GNU General Public License v2.0 only, with Classpath exception","GPLv2 with exceptions","Yes","Yes, if exception is used. ","Yes, if exception is used. ","<a href=""https://fedoraproject.org/wiki/Licensing/GPL_Classpath_Exception"" class=""external free"">https://fedoraproject.org/wiki/Licensing/GPL_Classpath_Exception</a> ",
"GNU General Public License v2.0 only, with font embedding exception","GPLv2 with exceptions","Yes","<a class=""mw-redirect"" title=""Licensing"" href=""https://fedoraproject.org/wiki/Licensing#GPLCompatibilityMatrix"">See Matrix</a> ","<a class=""mw-redirect"" title=""Licensing"" href=""https://fedoraproject.org/wiki/Licensing#GPLCompatibilityMatrix"">See Matrix</a> ","<a href=""http://www.gnu.org/licenses/gpl-faq.html#FontException"" class=""external free"">http://www.gnu.org/licenses/gpl-faq.html#FontException</a> ",
"GNU General Public License v2.0 or later ","GPLv2+"," Yes   ","N/A                "," <a class=""mw-redirect"" title=""Licensing"" href=""https://fedoraproject.org/wiki/Licensing#GPLCompatibilityMatrix"">See Matrix</a>         ","<a href=""http://www.gnu.org/licenses/old-licenses/gpl-2.0.html"" class=""external free"">http://www.gnu.org/licenses/old-licenses/gpl-2.0.html</a> ",
"GNU General Public License v2.0 or later, with Classpath exception","GPLv2+ with exceptions","Yes","Yes, if exception is used. ","Yes, if exception is used. ","<a href=""https://fedoraproject.org/wiki/Licensing/GPL_Classpath_Exception"" class=""external free"">https://fedoraproject.org/wiki/Licensing/GPL_Classpath_Exception</a> ",
"GNU General Public License v2.0 or later, with font embedding exception","GPLv2+ with exceptions","Yes","N/A","<a class=""mw-redirect"" title=""Licensing"" href=""https://fedoraproject.org/wiki/Licensing#GPLCompatibilityMatrix"">See Matrix</a> ","<a href=""http://www.gnu.org/licenses/gpl-faq.html#FontException"" class=""external free"">http://www.gnu.org/licenses/gpl-faq.html#FontException</a> ",
"GNU General Public License v3.0 only","GPLv3","   Yes         ","<a class=""mw-redirect"" title=""Licensing"" href=""https://fedoraproject.org/wiki/Licensing#GPLCompatibilityMatrix"">See Matrix</a>          "," N/A               ","<a href=""http://www.fsf.org/licensing/licenses/gpl.html"" class=""external free"">http://www.fsf.org/licensing/licenses/gpl.html</a> ",
"GNU General Public License v3.0 only, with Classpath exception","GPLv3 with exceptions","Yes","Yes, if exception is used. ","N/A","<a href=""https://fedoraproject.org/wiki/Licensing/GPL_Classpath_Exception"" class=""external free"">https://fedoraproject.org/wiki/Licensing/GPL_Classpath_Exception</a> ",
"GNU General Public License v3.0 only, with font embedding exception","GPLv3 with exceptions","Yes","<a class=""mw-redirect"" title=""Licensing"" href=""https://fedoraproject.org/wiki/Licensing#GPLCompatibilityMatrix"">See Matrix</a> ","N/A","<a href=""http://www.gnu.org/licenses/gpl-faq.html#FontException"" class=""external free"">http://www.gnu.org/licenses/gpl-faq.html#FontException</a> ",
"GNU General Public License v3.0 or later","GPLv3+","   Yes  ","<a class=""mw-redirect"" title=""Licensing"" href=""https://fedoraproject.org/wiki/Licensing#GPLCompatibilityMatrix"">See Matrix</a>          "," N/A               ","<a href=""http://www.fsf.org/licensing/licenses/gpl.html"" class=""external free"">http://www.fsf.org/licensing/licenses/gpl.html</a> ",
"GNU General Public License v3.0 or later, with Classpath exception","GPLv3+ with exceptions","   Yes  "," Yes, if exception is used.          "," N/A               ","<a href=""https://fedoraproject.org/wiki/Licensing/GPL_Classpath_Exception"" class=""external free"">https://fedoraproject.org/wiki/Licensing/GPL_Classpath_Exception</a> ",
"GNU General Public License v3.0 or later, with font embedding exception","GPLv3+ with exceptions","   Yes  ","<a class=""mw-redirect"" title=""Licensing"" href=""https://fedoraproject.org/wiki/Licensing#GPLCompatibilityMatrix"">See Matrix</a>          "," N/A               ","<a href=""http://www.gnu.org/licenses/gpl-faq.html#FontException"" class=""external free"">http://www.gnu.org/licenses/gpl-faq.html#FontException</a> ",
"GNU Lesser General Public License (no version) "," LGPLv2+ "," Yes    ","Yes                ","Yes                ","A GPL or LGPL licensed package that lacks any statement of what version that it's licensed under in the source code/program output/accompanying docs is technically licensed under *any* version of the GPL or LGPL, not just the version in whatever COPYING file they include. Note that this is LGPLv2+, not LGPL+, because version 2 was the first version of LGPL. Note that this license was originally referred to as the GNU Library General Public License v2, but all current versions (v2.1 or newer) of the license are correctly known as the GNU Lesser General Public License. ",
"GNU Lesser General Public License v2 (or 2.1) only"," LGPLv2 "," Yes  ","<a class=""mw-redirect"" title=""Licensing"" href=""https://fedoraproject.org/wiki/Licensing#GPLCompatibilityMatrix"">See Matrix</a>        "," <a class=""mw-redirect"" title=""Licensing"" href=""https://fedoraproject.org/wiki/Licensing#GPLCompatibilityMatrix"">See Matrix</a>         ","<a href=""http://www.gnu.org/licenses/old-licenses/lgpl-2.1.html"" class=""external free"">http://www.gnu.org/licenses/old-licenses/lgpl-2.1.html</a> Note that this license was originally referred to as the GNU Library General Public License v2, but all current versions (v2.1 or newer) of the license are correctly known as the GNU Lesser General Public License. ",
"GNU Lesser General Public License v2 (or 2.1), with exceptions "," LGPLv2 with exceptions "," Yes ","<a class=""mw-redirect"" title=""Licensing"" href=""https://fedoraproject.org/wiki/Licensing#GPLCompatibilityMatrix"">See Matrix</a>   "," <a class=""mw-redirect"" title=""Licensing"" href=""https://fedoraproject.org/wiki/Licensing#GPLCompatibilityMatrix"">See Matrix</a> "," Please be sure that any exceptions are approved by emailing them to legal@lists.fedoraproject.org first. ",
"GNU Lesser General Public License v2 (or 2.1) or later"," LGPLv2+"," Yes  ","<a class=""mw-redirect"" title=""Licensing"" href=""https://fedoraproject.org/wiki/Licensing#GPLCompatibilityMatrix"">See Matrix</a> "," <a class=""mw-redirect"" title=""Licensing"" href=""https://fedoraproject.org/wiki/Licensing#GPLCompatibilityMatrix"">See Matrix</a>         ","<a href=""http://www.gnu.org/licenses/old-licenses/lgpl-2.1.html"" class=""external free"">http://www.gnu.org/licenses/old-licenses/lgpl-2.1.html</a> ",
"GNU Lesser General Public License v2 (or 2.1) or later, with exceptions "," LGPLv2+ with exceptions "," Yes "," <a class=""mw-redirect"" title=""Licensing"" href=""https://fedoraproject.org/wiki/Licensing#GPLCompatibilityMatrix"">See Matrix</a>  "," <a class=""mw-redirect"" title=""Licensing"" href=""https://fedoraproject.org/wiki/Licensing#GPLCompatibilityMatrix"">See Matrix</a>  "," Please be sure that any exceptions are approved by emailing them to legal@lists.fedoraproject.org first. ",
"GNU Lesser General Public License v3.0 only"," LGPLv3"," Yes "," <a class=""mw-redirect"" title=""Licensing"" href=""https://fedoraproject.org/wiki/Licensing#GPLCompatibilityMatrix"">See Matrix</a>          "," <a class=""mw-redirect"" title=""Licensing"" href=""https://fedoraproject.org/wiki/Licensing#GPLCompatibilityMatrix"">See Matrix</a>         ","<a href=""http://www.fsf.org/licensing/licenses/lgpl.html"" class=""external free"">http://www.fsf.org/licensing/licenses/lgpl.html</a> ",
"GNU Lesser General Public License v3.0 only, with exceptions "," LGPLv3 with exceptions "," Yes "," <a class=""mw-redirect"" title=""Licensing"" href=""https://fedoraproject.org/wiki/Licensing#GPLCompatibilityMatrix"">See Matrix</a>  "," <a class=""mw-redirect"" title=""Licensing"" href=""https://fedoraproject.org/wiki/Licensing#GPLCompatibilityMatrix"">See Matrix</a>  "," Please be sure that any exceptions are approved by emailing them to legal@lists.fedoraproject.org first. ",
"GNU Lesser General Public License v3.0 or later"," LGPLv3+"," Yes"," <a class=""mw-redirect"" title=""Licensing"" href=""https://fedoraproject.org/wiki/Licensing#GPLCompatibilityMatrix"">See Matrix</a>       "," <a class=""mw-redirect"" title=""Licensing"" href=""https://fedoraproject.org/wiki/Licensing#GPLCompatibilityMatrix"">See Matrix</a>         ","<a href=""http://www.fsf.org/licensing/licenses/lgpl.html"" class=""external free"">http://www.fsf.org/licensing/licenses/lgpl.html</a> ",
"GNU Lesser General Public License v3.0 or later, with exceptions "," LGPLv3+ with exceptions "," Yes "," <a class=""mw-redirect"" title=""Licensing"" href=""https://fedoraproject.org/wiki/Licensing#GPLCompatibilityMatrix"">See Matrix</a>  "," <a class=""mw-redirect"" title=""Licensing"" href=""https://fedoraproject.org/wiki/Licensing#GPLCompatibilityMatrix"">See Matrix</a>  "," Please be sure that any exceptions are approved by emailing them to legal@lists.fedoraproject.org first. ",
"gnuplot License                ","   gnuplot      ","   Yes         ","NO           ","NO           ","<a href=""https://fedoraproject.org/wiki/Licensing/Gnuplot"" class=""external free"">https://fedoraproject.org/wiki/Licensing/Gnuplot</a> ",
"Haskell Language Report License "," HaskellReport  ","  Yes          ","Yes","Yes"," <a href=""https://fedoraproject.org/wiki/Licensing/Haskell_Language_Report_License"" class=""external free"">https://fedoraproject.org/wiki/Licensing/Haskell_Language_Report_License</a> ",
"Henry Spencer Reg-Ex Library License "," HSRL     ","   Yes         ","Yes                ","Yes                ","<a href=""https://fedoraproject.org/wiki/Licensing/Henry_Spencer_Reg-Ex_Library_License"" class=""external free"">https://fedoraproject.org/wiki/Licensing/Henry_Spencer_Reg-Ex_Library_License</a> ",
"Historical Permission Notice and Disclaimer         ","   MIT      ","Yes","Yes           ","Yes                ","<a href=""http://opensource.org/licenses/historical.php"" class=""external free"">http://opensource.org/licenses/historical.php</a> ",
"IBM Public License             ","   IBM          ","   Yes         ","NO           ","NO           ","<a href=""http://www.opensource.org/licenses/ibmpl.php"" class=""external free"">http://www.opensource.org/licenses/ibmpl.php</a> ",
"iMatix Standard Function Library Agreement"," iMatix","   Yes       ","Yes                ","Yes                ","<a href=""http://legacy.imatix.com/html/sfl/sfl4.htm#license"" class=""external free"">http://legacy.imatix.com/html/sfl/sfl4.htm#license</a> ",
"ImageMagick License            ","   ImageMagick  ","   Yes         ","Yes                ","Yes                ","<a href=""http://www.imagemagick.org/script/license.php"" class=""external free"">http://www.imagemagick.org/script/license.php</a> ",
"Imlib2 License                 ","   Imlib2       ","   Yes         ","Yes                ","Yes                ","<a href=""https://fedoraproject.org/wiki/Licensing/Imlib2"" class=""external free"">https://fedoraproject.org/wiki/Licensing/Imlib2</a> ",
"Independent JPEG Group License ","   IJG          ","   Yes         ","Yes                ","Yes                ","<a href=""https://fedoraproject.org/wiki/Licensing/IJG"" class=""external free"">https://fedoraproject.org/wiki/Licensing/IJG</a> ",
"Intel ACPI Software License Agreement "," Intel ACPI","   Yes       ","Yes                ","Yes                ","<a href=""https://fedoraproject.org/wiki/Licensing/Intel_ACPI_Software_License_Agreement"" class=""external free"">https://fedoraproject.org/wiki/Licensing/Intel_ACPI_Software_License_Agreement</a> ",
"Interbase Public License       ","   Interbase    ","   Yes         ","NO           ","                   ","<a href=""http://www.borland.com/devsupport/interbase/opensource/IPL.html"" class=""external free"">http://www.borland.com/devsupport/interbase/opensource/IPL.html</a> ",
"ISC License (Bind, DHCP Server)","   ISC          ","   Yes         ","Yes                ","Yes                ","<a href=""http://www.isc.org/downloads/software-support-policy/isc-license/"" class=""external free"">http://www.isc.org/downloads/software-support-policy/isc-license/</a> ",
"Jabber Open Source License     ","   Jabber       ","   Yes         ","NO           ","                   ","<a href=""http://opensource.org/licenses/jabberpl.php"" class=""external free"">http://opensource.org/licenses/jabberpl.php</a> ",
"JasPer License                 ","   JasPer       ","   Yes         ","Yes                ","Yes                ","<a href=""http://www.ece.uvic.ca/%7Emdadams/jasper/LICENSE"" class=""external free"">http://www.ece.uvic.ca/~mdadams/jasper/LICENSE</a> ",
"JPython License (old)          ","   JPython      ","   Yes         ","NO           ","NO           ","<a href=""http://www.jython.org/license.html"" class=""external free"">http://www.jython.org/license.html</a> ",
"Julius License                 ","   Julius       ","   Yes         ","NO           ","NO           ","<a href=""https://fedoraproject.org/wiki/Licensing/Julius"" class=""external free"">https://fedoraproject.org/wiki/Licensing/Julius</a> ",
"Knuth License                  ","   Knuth        ","   Yes         ","NO           ","NO           ","<a href=""http://tug.org/TUGboat/Articles/tb11-4/tb30knut.pdf"" class=""external free"">http://tug.org/TUGboat/Articles/tb11-4/tb30knut.pdf</a> ",
"LaTeX Project Public License   ","   LPPL         ","   Yes         ","NO           ","                   ","<a href=""http://www.latex-project.org/lppl/lppl-1-3a.txt"" class=""external free"">http://www.latex-project.org/lppl/lppl-1-3a.txt</a> ",
"Latex2e License                ","   Latex2e      ","   Yes         ","NO           ","NO           ","<a href=""https://fedoraproject.org/wiki/Licensing/Latex2e"" class=""external free"">https://fedoraproject.org/wiki/Licensing/Latex2e</a> ",
"Lawrence Berkeley National Labs BSD variant license "," LBNL BSD "," Yes ","Yes ","Yes","<a href=""https://fedoraproject.org/wiki/Licensing/LBNLBSD"" class=""external free"">https://fedoraproject.org/wiki/Licensing/LBNLBSD</a> ",
"LEGO Open Source License Agreement"," LOSLA       ","   Yes         ","NO           ","NO           ","<a href=""https://fedoraproject.org/wiki/Licensing/LOSLA"" class=""external free"">https://fedoraproject.org/wiki/Licensing/LOSLA</a> ",
"Leptonica License              ","   Leptonica    ","   Yes         ","Yes                ","Yes","<a href=""https://fedoraproject.org/wiki/Licensing/Leptonica"" class=""external free"">https://fedoraproject.org/wiki/Licensing/Leptonica</a> ",
"Lhcyr License                  ","   Lhcyr        ","   Yes         ","NO           ","NO           ","<a href=""https://fedoraproject.org/wiki/Licensing/Lhcyr"" class=""external free"">https://fedoraproject.org/wiki/Licensing/Lhcyr</a> ",
"libtiff License                ","   libtiff      ","   Yes         ","Yes                ","Yes                ","<a href=""https://fedoraproject.org/wiki/Licensing/libtiff"" class=""external free"">https://fedoraproject.org/wiki/Licensing/libtiff</a> ",
"Lisp Library General Public License"," LLGPL      ","   Yes         ","Yes                ","Yes                ","<a href=""http://opensource.franz.com/preamble.html"" class=""external free"">http://opensource.franz.com/preamble.html</a> ",
"Logica Open Source License     ","   Logica       ","   Yes         ","Yes                ","Yes                ","<a href=""http://opensmpp.logica.com/CommonPart/Download/Download.htm"" class=""external free"">http://opensmpp.logica.com/CommonPart/Download/Download.htm</a> ",
"Lucent Public License (Plan9)  ","   LPL          ","   Yes         ","NO           ","                   ","<a href=""http://plan9.bell-labs.com/plan9dist/license.html"" class=""external free"">http://plan9.bell-labs.com/plan9dist/license.html</a> ",
"MakeIndex License              ","   MakeIndex    ","   Yes         ","NO           ","NO           ","<a href=""https://fedoraproject.org/wiki/Licensing/MakeIndex"" class=""external free"">https://fedoraproject.org/wiki/Licensing/MakeIndex</a> ",
"Matrix Template Library License ","  MTLL         ","   Yes         ","NO           ","NO           ","<a href=""https://fedoraproject.org/wiki/Licensing/Matrix_Template_Library_License"" class=""external free"">https://fedoraproject.org/wiki/Licensing/Matrix_Template_Library_License</a> ",
"mecab-ipadic license           ","   mecab-ipadic ","   Yes         ","?                  ","                   ","<a href=""http://www.icot.or.jp/ARCHIVE/terms-and-conditions-for-IFS-J.html"" class=""external free"">http://www.icot.or.jp/ARCHIVE/terms-and-conditions-for-IFS-J.html</a> ",
"Metasploit Framework License (post 2006)   ","   BSD          ","   Yes         ","Yes                ","Yes    ","<a href=""https://fedoraproject.org/wiki/Licensing/Metasploit_Framework_License"" class=""external free"">https://fedoraproject.org/wiki/Licensing/Metasploit_Framework_License</a> ",
"Microsoft Public License       ","   MS-PL        ","   Yes         ","NO           ","NO           ","<a href=""http://www.microsoft.com/opensource/licenses.mspx#Ms-PL"" class=""external free"">http://www.microsoft.com/opensource/licenses.mspx#Ms-PL</a> ",
"Microsoft Reciprocal License   ","   MS-RL        ","   Yes         ","NO           ","NO           ","<a href=""http://www.microsoft.com/opensource/licenses.mspx#Ms-RL"" class=""external free"">http://www.microsoft.com/opensource/licenses.mspx#Ms-RL</a> ",
"midnight License               ","   midnight     ","   Yes         ","NO           ","NO           ","<a href=""https://fedoraproject.org/wiki/Licensing/midnight"" class=""external free"">https://fedoraproject.org/wiki/Licensing/midnight</a> ",
"MirOS License                  ","   MirOS        ","   Yes         ","Yes                ","Yes                ","<a href=""http://mirbsd.de/MirOS-Licence"" class=""external free"">http://mirbsd.de/MirOS-Licence</a> ",
"MIT license (also X11)         ","   MIT          ","   Yes         ","Yes                ","Yes                ","<a href=""https://fedoraproject.org/wiki/Licensing/MIT"" class=""external free"">https://fedoraproject.org/wiki/Licensing/MIT</a> ",
"MIT +no-false-attribs license  ","   MITNFA       ","   Yes         ","Yes                ","Yes                ","<a href=""https://fedoraproject.org/wiki/Licensing/MITNFA"" class=""external free"">https://fedoraproject.org/wiki/Licensing/MITNFA</a> ",
"mod_macro License              ","   mod_macro    ","   Yes         ","NO           ","NO           ","<a href=""http://www.cri.ensmp.fr/%7Ecoelho/mod_macro/mod_macro/LICENSE"" class=""external free"">http://www.cri.ensmp.fr/~coelho/mod_macro/mod_macro/LICENSE</a> ",
"Motosoto License               ","   Motosoto     ","   Yes         ","NO           ","NO           ","<a href=""http://opensource.org/licenses/motosoto.php"" class=""external free"">http://opensource.org/licenses/motosoto.php</a> ",
"Mozilla Public License v1.0    ","   MPLv1.0      ","   Yes         ","NO           ","NO           ","<a href=""http://opensource.org/licenses/mozilla1.0.php"" class=""external free"">http://opensource.org/licenses/mozilla1.0.php</a> ",
"Mozilla Public License v1.1    ","   MPLv1.1      ","   Yes         ","Compatible if dual licensed with GPL, otherwise Incompatible","Compatible if dual licensed with GPL, otherwise Incompatible","<a href=""http://www.mozilla.org/MPL/MPL-1.1.html"" class=""external free"">http://www.mozilla.org/MPL/MPL-1.1.html</a> ",
"Mozilla Public License v2.0    ","   MPLv2.0      ","   Yes         ","Sometimes          ","Sometimes          ","<a href=""https://fedoraproject.org/wiki/Licensing/MPLv2.0"" class=""external free"">https://fedoraproject.org/wiki/Licensing/MPLv2.0</a> ",
"mpich2 License                 ","   MIT          ","   Yes         ","Yes                ","Yes                ","<a href=""https://fedoraproject.org/wiki/Licensing/MIT"" class=""external free"">https://fedoraproject.org/wiki/Licensing/MIT</a> ",
"Mup License                    ","   Mup          ","   Yes         ","NO           ","NO           ","<a href=""https://fedoraproject.org/wiki/Licensing/Mup"" class=""external free"">https://fedoraproject.org/wiki/Licensing/Mup</a> ",
"MX4J License                   ","   ASL 1.1      ","   Yes         ","NO           ","NO           ","<a href=""https://fedoraproject.org/wiki/Licensing/MX4J"" class=""external free"">https://fedoraproject.org/wiki/Licensing/MX4J</a> ",
"MySQL License                  ","   GPLv2 with exceptions "," Yes  ","?                  ","                   ","<a href=""http://www.mysql.com/company/legal/licensing/foss-exception.html"" class=""external free"">http://www.mysql.com/company/legal/licensing/foss-exception.html</a> ",
"Naumen Public License          ","   Naumen       ","   Yes         ","Yes                ","Yes                ","<a href=""http://opensource.org/licenses/naumen.php"" class=""external free"">http://opensource.org/licenses/naumen.php</a> ",
"NCSA/University of Illinois Open Source License ","NCSA","   Yes    ","Yes                ","Yes                ","<a href=""http://otm.illinois.edu/uiuc_openSource"" class=""external free"">http://otm.illinois.edu/uiuc_openSource</a> ",
"Neotonic Clearsilver License   ","   ASL 1.1      ","   Yes         ","NO           ","NO           ","<a href=""http://www.clearsilver.net/license.hdf"" class=""external free"">http://www.clearsilver.net/license.hdf</a> ",
"NetCDF license                 ","   NetCDF       ","   Yes         ","Yes                ","Yes                ","<a href=""http://www.unidata.ucar.edu/software/netcdf/copyright.html"" class=""external free"">http://www.unidata.ucar.edu/software/netcdf/copyright.html</a> ",
"Nethack General Public License ","   NGPL         ","   Yes         ","NO           ","                   ","<a href=""http://opensource.org/licenses/nethack.php"" class=""external free"">http://opensource.org/licenses/nethack.php</a> ",
"Netizen Open Source License    ","   NOSL         ","   Yes         ","NO           ","                   ","<a href=""http://bits.netizen.com.au/licenses/NOSL/nosl.txt"" class=""external free"">http://bits.netizen.com.au/licenses/NOSL/nosl.txt</a> ",
"Netscape Public License        ","   Netscape     ","   Yes         ","NO           ","NO           ","<a href=""http://www.mozilla.org/NPL/NPL-1.0.html"" class=""external free"">http://www.mozilla.org/NPL/NPL-1.0.html</a> ",
"Newmat License                 ","   Newmat       ","   Yes         ","Yes                ","Yes                ","<a href=""https://fedoraproject.org/wiki/Licensing/Newmat_License"" class=""external free"">https://fedoraproject.org/wiki/Licensing/Newmat_License</a> ",
"Newsletr License               ","   Newsletr     ","   Yes         ","Yes                ","Yes                ","<a href=""https://fedoraproject.org/wiki/Licensing/Newsletr"" class=""external free"">https://fedoraproject.org/wiki/Licensing/Newsletr</a> ",
"Nmap License                   ","   Nmap         ","   Yes         ","NO           ","NO           ","<a href=""https://fedoraproject.org/wiki/Licensing/Nmap"" class=""external free"">https://fedoraproject.org/wiki/Licensing/Nmap</a> ",
"Nokia Open Source License      ","   Nokia        ","   Yes         ","NO           ","                   ","<a href=""http://opensource.org/licenses/nokia.html"" class=""external free"">http://opensource.org/licenses/nokia.html</a> ",
"No Limit Public License        ","   NLPL         ","   Yes         ","Yes                ","Yes                ","<a href=""https://fedoraproject.org/wiki/Licensing/NLPL"" class=""external free"">https://fedoraproject.org/wiki/Licensing/NLPL</a> ",
"Noweb License                  ","   Noweb        ","   Yes         ","NO           ","NO           ","<a href=""https://fedoraproject.org/wiki/Licensing/Noweb"" class=""external free"">https://fedoraproject.org/wiki/Licensing/Noweb</a> ",
"NRL License                    ","   BSD with advertising","  Yes   ","NO           ","                   ","<a href=""http://web.mit.edu/network/isakmp/nrllicense.html"" class=""external free"">http://web.mit.edu/network/isakmp/nrllicense.html</a> ",
"Nunit License                  ","   MIT with advertising","  Yes   ","NO           ","                   ","<a href=""https://fedoraproject.org/wiki/Licensing/Nunit"" class=""external free"">https://fedoraproject.org/wiki/Licensing/Nunit</a> ",
"Open Government License        ","   OGL          ","   Yes         ","                   ","                   ","<a href=""http://www.nationalarchives.gov.uk/doc/open-government-licence/version/3/"" class=""external free"">http://www.nationalarchives.gov.uk/doc/open-government-licence/version/3/</a> ",
"OpenLDAP License               ","   OpenLDAP     ","   Yes         ","Yes                ","Yes                ","<a href=""http://www.openldap.org/software/release/license.html"" class=""external free"">http://www.openldap.org/software/release/license.html</a> ",
"Open Market License            ","   OML          ","   Yes         ","NO           ","NO           ","<a href=""https://fedoraproject.org/wiki/Licensing/Open_Market_License"" class=""external free"">https://fedoraproject.org/wiki/Licensing/Open_Market_License</a> ",
"OpenPBS License                ","   OpenPBS      ","   Yes         ","NO           ","NO           ","<a href=""https://fedoraproject.org/wiki/Licensing/OpenPBS"" class=""external free"">https://fedoraproject.org/wiki/Licensing/OpenPBS</a> ",
"Open Software License 1.0      ","   OSL 1.0      ","   Yes         ","NO           ","NO           ","<a href=""http://www.opensource.org/licenses/osl-1.0.txt"" class=""external free"">http://www.opensource.org/licenses/osl-1.0.txt</a> ",
"Open Software License 1.1      ","   OSL 1.1      ","   Yes         ","NO           ","NO           ","<a href=""https://fedoraproject.org/wiki/Licensing/OSL1.1"" class=""external free"">https://fedoraproject.org/wiki/Licensing/OSL1.1</a> ",
"Open Software License 2.0      ","   OSL 2.0      ","   Yes         ","NO           ","NO           ","<a href=""http://www.nexb.com/license/LICENSE-OSL-2.0.html"" class=""external free"">http://www.nexb.com/license/LICENSE-OSL-2.0.html</a> ",
"Open Software License 2.1      ","   OSL 2.1      ","   Yes         ","NO           ","NO           ","<a href=""https://fedoraproject.org/wiki/Licensing/OSL2.1"" class=""external free"">https://fedoraproject.org/wiki/Licensing/OSL2.1</a> ",
"Open Software License 3.0      ","   OSL 3.0      ","   Yes         ","NO           ","NO           ","<a href=""http://opensource.org/licenses/osl-3.0.php"" class=""external free"">http://opensource.org/licenses/osl-3.0.php</a> ",
"OpenSSL License                ","   OpenSSL      ","   Yes         ","NO           ","NO           ","<a href=""http://www.sdisw.com/openssl.htm"" class=""external free"">http://www.sdisw.com/openssl.htm</a> ",
"OReilly License                ","   OReilly      ","   Yes         ","NO           ","NO           ","<a href=""https://fedoraproject.org/wiki/Licensing/OReilly"" class=""external free"">https://fedoraproject.org/wiki/Licensing/OReilly</a> ",
"Par License                    ","   Par          ","   Yes         ","Yes                ","Yes        ","<a href=""https://fedoraproject.org/wiki/Licensing/Par"" class=""external free"">https://fedoraproject.org/wiki/Licensing/Par</a> ",
"Perl License                   ","   GPL+ or Artistic"," Yes        ","Yes                ","Yes                ","<a href=""http://dev.perl.org/licenses/"" class=""external free"">http://dev.perl.org/licenses/</a> ",
"Perl License (variant)         ","   GPLv2 or Artistic","  Yes      ","Yes                ","NO           ","Some perl packages explicitly state GPLv2, only use this license for those cases ",
"Perl License (variant)         ","   GPLv2+ or Artistic"," Yes      ","Yes                ","Yes                ","Some perl packages explicitly state GPLv2+, only use this license for those cases ",
"Perl License (variant)         ","   LGPLv2+ or Artistic"," Yes     ","Yes                ","Yes                ","Some perl packages explicitly state LGPLv2+ (extremely uncommon), only use this license for those cases ",
"Phorum License                 ","   Phorum       ","   Yes         ","NO           ","                   ","<a href=""http://phorum.org/license.txt"" class=""external free"">http://phorum.org/license.txt</a> ",
"PHP License v3.0               ","   PHP          ","   Yes         ","NO           ","NO                   ","<a href=""http://www.php.net/license/3_01.txt"" class=""external free"">http://www.php.net/license/3_01.txt</a> ",
"PlainTeX License               ","   PlainTeX     ","   Yes (only on TeX, see license page)","NO        ","NO","<a href=""https://fedoraproject.org/wiki/Licensing/PlainTeX"" class=""external free"">https://fedoraproject.org/wiki/Licensing/PlainTeX</a> ",
"Plexus Classworlds License     ","   Plexus       ","   Yes         ","NO           ","NO           ","<a href=""https://fedoraproject.org/wiki/Licensing/Plexus_Classworlds_License"" class=""external free"">https://fedoraproject.org/wiki/Licensing/Plexus_Classworlds_License</a> ",
"PostgreSQL License             ","   PostgreSQL   ","   Yes         ","Yes                ","Yes                ","<a href=""https://fedoraproject.org/wiki/Licensing/PostgreSQL_License"" class=""external free"">https://fedoraproject.org/wiki/Licensing/PostgreSQL_License</a> ",
"psfrag License                 ","   psfrag       ","   Yes (but only for tex) ","NO","NO           ","<a href=""https://fedoraproject.org/wiki/Licensing/psfrag"" class=""external free"">https://fedoraproject.org/wiki/Licensing/psfrag</a> ",
"psutils License                ","   psutils      ","   Yes         ","NO           ","NO           ","<a href=""https://fedoraproject.org/wiki/Licensing/psutils"" class=""external free"">https://fedoraproject.org/wiki/Licensing/psutils</a> ",
"Public Domain                  ","   Public Domain","   Yes         ","Yes                ","Yes                ","Being in the public domain is not a license; rather, it means the material is not copyrighted and no license is needed. ",
"Python License                 ","   Python       ","   Yes         ","Yes                ","Yes                ","<a href=""https://docs.python.org/2/license.html"" class=""external free"">https://docs.python.org/2/license.html</a> ",
"Qhull License                  ","   Qhull        ","   Yes         ","Yes                ","Yes                ","<a href=""https://fedoraproject.org/wiki/Licensing/Qhull"" class=""external free"">https://fedoraproject.org/wiki/Licensing/Qhull</a> ",
"Q Public License               ","   QPL          ","   Yes         ","NO           ","NO           ","<a href=""http://doc.qt.digia.com/3.0/license.html"" class=""external free"">http://doc.qt.digia.com/3.0/license.html</a> ",
"Qwt License 1.0                ","   LGPLv2+ with exceptions "," Yes "," Yes              ","Yes                ","<a href=""http://qwt.sourceforge.net/qwtlicense.html"" class=""external free"">http://qwt.sourceforge.net/qwtlicense.html</a> ",
"QuickFix License               ","   ASL 1.1      ","   Yes         ","NO           ","NO           ","<a href=""http://www.quickfixengine.org/quickfix/doc/html/license.html"" class=""external free"">http://www.quickfixengine.org/quickfix/doc/html/license.html</a> ",
"Rdisc License                  ","   Rdisc        ","   Yes         ","Yes                ","Yes                ","<a href=""https://fedoraproject.org/wiki/Licensing/Rdisc_License"" class=""external free"">https://fedoraproject.org/wiki/Licensing/Rdisc_License</a> ",
"RealNetworks Public Source License V1.0"," RPSL   ","   Yes         ","NO           ","                   ","<a href=""http://www.opensource.org/licenses/real.php"" class=""external free"">http://www.opensource.org/licenses/real.php</a> ",
"REX License                    ","   REX          ","   Yes         ","Yes                ","Yes                ","<a href=""https://fedoraproject.org/wiki/Licensing/REX"" class=""external free"">https://fedoraproject.org/wiki/Licensing/REX</a> ",
"Rice BSD                       ","   RiceBSD      ","   Yes         ","NO           ","NO           ","<a href=""https://fedoraproject.org/wiki/Licensing/Rice_BSD_License"" class=""external free"">https://fedoraproject.org/wiki/Licensing/Rice_BSD_License</a> ",
"Romio License                  ","   Romio        ","   Yes         ","Yes","Yes","<a href=""https://fedoraproject.org/wiki/Licensing/Romio_License"" class=""external free"">https://fedoraproject.org/wiki/Licensing/Romio_License</a> ",
"Rsfs License                   ","   Rsfs         ","   Yes         ","Yes                ","Yes                ","<a href=""https://fedoraproject.org/wiki/Licensing/Rsfs"" class=""external free"">https://fedoraproject.org/wiki/Licensing/Rsfs</a> ",
"Ruby License                   ","   Ruby         ","   Yes         ","Compatible if dual licensed with GPL, otherwise Incompatible"," ","<a href=""http://www.ruby-lang.org/en/LICENSE.txt"" class=""external free"">http://www.ruby-lang.org/en/LICENSE.txt</a> ",
"Saxpath License                ","   Saxpath      ","   Yes         ","NO           ","NO           ","<a href=""https://fedoraproject.org/wiki/Licensing/Saxpath_License"" class=""external free"">https://fedoraproject.org/wiki/Licensing/Saxpath_License</a> ",
"Sequence Library License       ","   Sequence     ","   Yes         ","Yes                ","Yes                ","<a href=""https://fedoraproject.org/wiki/Licensing/SequenceLibraryLicense"" class=""external free"">https://fedoraproject.org/wiki/Licensing/SequenceLibraryLicense</a> ",
"SCEA Shared Source License     ","   SCEA         ","   Yes         ","NO           ","NO           ","<a href=""http://research.scea.com/scea_shared_source_license.html"" class=""external free"">http://research.scea.com/scea_shared_source_license.html</a> ",
"Scheme Widget Library (SWL) Software License Agreement"," SWL "," Yes  "," Yes            ","Yes                ","<a href=""https://fedoraproject.org/wiki/Licensing/SWL"" class=""external free"">https://fedoraproject.org/wiki/Licensing/SWL</a> ",
"SciTech MGL Public License     ","   STMPL        ","   Yes         ","NO           ","NO           ","<a href=""https://fedoraproject.org/wiki/Licensing/STMPL"" class=""external free"">https://fedoraproject.org/wiki/Licensing/STMPL</a> ",
"SCRIP License                  ","   SCRIP        ","   Yes         ","Yes                ","Yes                ","<a href=""https://fedoraproject.org/wiki/Licensing/SCRIP"" class=""external free"">https://fedoraproject.org/wiki/Licensing/SCRIP</a> ",
"Sendmail License               ","   Sendmail     ","   Yes         ","Compatible if Eric Allman, Sendmail Inc. or the University of California is the copyright holder","Compatible if Eric Allman, Sendmail Inc. or the University of California is the copyright holder","<a href=""http://www.sendmail.com/pdfs/open_source/sendmail_license.pdf"" class=""external free"">http://www.sendmail.com/pdfs/open_source/sendmail_license.pdf</a> ",
"SGI Free Software License B 2.0 ","  MIT          ","   Yes         ","Yes                ","Yes                ","<a href=""http://oss.sgi.com/projects/FreeB/SGIFreeSWLicB.2.0.pdf"" class=""external free"">http://oss.sgi.com/projects/FreeB/SGIFreeSWLicB.2.0.pdf</a>"," ",
"Sleepycat Software Product License"," Sleepycat   ","   Yes         ","Yes                ","Yes                ","<a href=""https://fedoraproject.org/wiki/Licensing/Sleepycat"" class=""external free"">https://fedoraproject.org/wiki/Licensing/Sleepycat</a> ",
"SLIB License                   ","   SLIB         ","   Yes         ","Yes                ","Yes                ","<a href=""http://www-swiss.ai.mit.edu/%7Ejaffer/SLIB_COPYING.txt"" class=""external free"">http://www-swiss.ai.mit.edu/~jaffer/SLIB_COPYING.txt</a> ",
"softSurfer License             ","   softSurfer   ","   Yes         ","Yes                ","Yes                ","<a href=""https://fedoraproject.org/wiki/Licensing/softSurfer"" class=""external free"">https://fedoraproject.org/wiki/Licensing/softSurfer</a> ",
"SNIA Public License 1.1        ","   SNIA         ","   Yes         ","NO           ","NO           ","<a href=""https://fedoraproject.org/wiki/Licensing/SNIA_Public_License"" class=""external free"">https://fedoraproject.org/wiki/Licensing/SNIA_Public_License</a> ",
"Standard ML of New Jersey License"," MIT          ","   Yes         ","Yes                ","Yes                ","<a href=""https://fedoraproject.org/wiki/Licensing/MIT"" class=""external free"">https://fedoraproject.org/wiki/Licensing/MIT</a> ",
"Sun Industry Standards Source License"," SISSL    ","   Yes         ","NO           ","                   ","<a href=""http://www.openoffice.org/licenses/sissl_license.html"" class=""external free"">http://www.openoffice.org/licenses/sissl_license.html</a> ",
"Sun Public License             ","   SPL          ","   Yes         ","NO           ","                   ","<a href=""https://fedoraproject.org/wiki/Licensing/Sun_Public_License"" class=""external free"">https://fedoraproject.org/wiki/Licensing/Sun_Public_License</a> ",
"TCL/TK License                 ","   TCL          ","   Yes         ","Yes                ","Yes                ","<a href=""https://fedoraproject.org/wiki/Licensing/TCL"" class=""external free"">https://fedoraproject.org/wiki/Licensing/TCL</a> ",
"Teeworlds License              ","   Teeworlds    ","   Yes         ","Yes                ","Yes                ","<a href=""https://fedoraproject.org/wiki/Licensing/Teeworlds"" class=""external free"">https://fedoraproject.org/wiki/Licensing/Teeworlds</a> ",
"Text-Tabs+Wrap License         ","   TTWL         ","   Yes         ","Yes                ","Yes                ","<a href=""https://fedoraproject.org/wiki/Licensing/TTWL"" class=""external free"">https://fedoraproject.org/wiki/Licensing/TTWL</a> ",
"Thor Public License            ","   TPL          ","   Yes         ","Compatible if dual licensed with GPL, otherwise Incompatible"," ","<a href=""https://fedoraproject.org/wiki/Licensing/ThorPublicLicense"" class=""external free"">https://fedoraproject.org/wiki/Licensing/ThorPublicLicense</a> ",
"Threeparttable License         ","   Threeparttable","  Yes         ","NO           ","NO           ","<a href=""https://fedoraproject.org/wiki/Licensing/Threeparttable"" class=""external free"">https://fedoraproject.org/wiki/Licensing/Threeparttable</a> ",
"Time::ParseDate License        ","   TPDL         ","   Yes         ","Yes                ","Yes                ","<a href=""https://fedoraproject.org/wiki/Licensing/TPDL"" class=""external free"">https://fedoraproject.org/wiki/Licensing/TPDL</a> ",
"TMate Open Source License      ","   TMate        ","   Yes         ","NO           ","NO           ","<a href=""http://svnkit.com/license.html"" class=""external free"">http://svnkit.com/license.html</a> ",
"Tolua License                  ","   Tolua        ","   Yes         ","Yes                ","Yes                ","<a href=""https://fedoraproject.org/wiki/Licensing/Tolua"" class=""external free"">https://fedoraproject.org/wiki/Licensing/Tolua</a> ",
"TORQUE v2.5+ Software License v1.1 "," TORQUEv1.1 ","   Yes         ","NO           ","NO           ","<a href=""https://fedoraproject.org/wiki/Licensing/TORQUEv1.1"" class=""external free"">https://fedoraproject.org/wiki/Licensing/TORQUEv1.1</a> ",
"Transitive Grace Period Public Licence "," TGPPL  "," Sortof        ","NO           ","NO           ","<a href=""https://fedoraproject.org/wiki/Licensing/TGPPL"" class=""external free"">https://fedoraproject.org/wiki/Licensing/TGPPL</a> ",
"Trusster Open Source License   ","   TOSL         ","   Yes         ","NO           ","NO           ","<a href=""https://fedoraproject.org/wiki/Licensing/TOSL"" class=""external free"">https://fedoraproject.org/wiki/Licensing/TOSL</a> ",
"Unicode Character Database Terms Of Use","   UCD  ","   Yes         ","Yes                ","Yes                ","<a href=""https://fedoraproject.org/wiki/Licensing/UCD"" class=""external free"">https://fedoraproject.org/wiki/Licensing/UCD</a> ",
"Unicode License                ","   Unicode      ","   Yes         ","Yes                ","Yes                ","<a href=""https://fedoraproject.org/wiki/Licensing/Unicode"" class=""external free"">https://fedoraproject.org/wiki/Licensing/Unicode</a> ",
"Unlicense                      ","   Unlicense    ","   Yes         ","Yes                ","Yes                ","<a href=""https://fedoraproject.org/wiki/Licensing/Unlicense"" class=""external free"">https://fedoraproject.org/wiki/Licensing/Unlicense</a> ",
"Vim License                    ","   Vim          ","   Yes         ","Yes                ","Yes                ","<a href=""http://vimdoc.sourceforge.net/htmldoc/uganda.html"" class=""external free"">http://vimdoc.sourceforge.net/htmldoc/uganda.html</a> ",
"Vita Nuova Liberal Source License","  VNLSL       ","   Yes         ","NO           ","                   ","<a href=""https://fedoraproject.org/wiki/Licensing/Vita_Nuova_Liberal_Source_License"" class=""external free"">https://fedoraproject.org/wiki/Licensing/Vita_Nuova_Liberal_Source_License</a> ",
"VOSTROM Public License for Open Source","VOSTROM  ","   Yes         ","NO           ","NO           ","<a href=""https://fedoraproject.org/wiki/Licensing/VOSTROM"" class=""external free"">https://fedoraproject.org/wiki/Licensing/VOSTROM</a> ",
"Vovida Software License v. 1.0 ","   VSL          ","   Yes         ","NO           ","                   ","<a href=""http://opensource.org/licenses/vovidapl.php"" class=""external free"">http://opensource.org/licenses/vovidapl.php</a> ",
"W3C Software Notice and License","   W3C          ","   Yes         ","Yes                ","Yes                ","<a href=""http://www.w3.org/Consortium/Legal/2002/copyright-software-20021231"" class=""external free"">http://www.w3.org/Consortium/Legal/2002/copyright-software-20021231</a> ",
"Webmin License                 ","   Webmin       ","   Yes         ","NO           ","NO           ","<a href=""https://fedoraproject.org/wiki/Licensing/Webmin"" class=""external free"">https://fedoraproject.org/wiki/Licensing/Webmin</a> ",
"Wsuipa License                 ","   Wsuipa       ","   Yes         ","NO           ","NO           ","<a href=""https://fedoraproject.org/wiki/Licensing/Wsuipa"" class=""external free"">https://fedoraproject.org/wiki/Licensing/Wsuipa</a> ",
"wxWidgets Library License      ","   wxWidgets    ","   Yes         ","Yes                ","Yes                ","<a href=""http://www.wxwidgets.org/manuals/stable/wx_wxlicense.html"" class=""external free"">http://www.wxwidgets.org/manuals/stable/wx_wxlicense.html</a> ",
"xinetd License                 ","   xinetd       ","   Yes         ","NO           ","                   ","<a href=""https://fedoraproject.org/wiki/Licensing/Xinetd_License"" class=""external free"">https://fedoraproject.org/wiki/Licensing/Xinetd_License</a> ",
"Xerox License                  ","   Xerox        ","   Yes         ","NO           ","NO           ","<a href=""https://fedoraproject.org/wiki/Licensing/Xerox"" class=""external free"">https://fedoraproject.org/wiki/Licensing/Xerox</a> ",
"XPP License                    ","   xpp          ","   Yes         ","NO           ","NO           ","<a href=""https://fedoraproject.org/wiki/Licensing/xpp"" class=""external free"">https://fedoraproject.org/wiki/Licensing/xpp</a> ",
"XSkat License                  ","   XSkat        ","   Yes         ","NO           ","NO           ","<a href=""https://fedoraproject.org/wiki/Licensing/XSkat_License"" class=""external free"">https://fedoraproject.org/wiki/Licensing/XSkat_License</a> ",
"Yahoo Public License v 1.1     ","   YPLv1.1      ","   Yes         ","NO           ","NO           ","<a href=""http://www.zimbra.com/license/yahoo_public_license_1.1.html"" class=""external free"">http://www.zimbra.com/license/yahoo_public_license_1.1.html</a> ",
"Zed License                    ","   Zed          ","   Yes         ","Yes                ","Yes                ","<a href=""https://fedoraproject.org/wiki/Licensing/Zed"" class=""external free"">https://fedoraproject.org/wiki/Licensing/Zed</a> ",
"Zend License v2.0              ","   Zend         ","   Yes         ","NO           ","                   ","<a href=""http://www.zend.com/license/2_00.txt"" class=""external free"">http://www.zend.com/license/2_00.txt</a> ",
"Zope Public License v 1.0      ","   ZPLv1.0      ","   Yes         ","NO           ","NO           ","<a href=""http://old.zope.org/Resources/License/ZPL-1.1"" class=""external free"">http://old.zope.org/Resources/License/ZPL-1.1</a> ",
"Zope Public License v 2.0      ","   ZPLv2.0      ","   Yes         ","Yes                ","Yes                ","<a href=""http://old.zope.org/Resources/License/ZPL-2.0"" class=""external free"">http://old.zope.org/Resources/License/ZPL-2.0</a> ",
"Zope Public License v 2.1      ","   ZPLv2.1      ","   Yes         ","Yes                ","Yes                ","<a href=""http://old.zope.org/Resources/License/ZPL-2.1"" class=""external free"">http://old.zope.org/Resources/License/ZPL-2.1</a> ",
"zlib/libpng License            ","   zlib         ","   Yes         ","Yes                ","Yes                ","<a href=""http://www.gzip.org/zlib/zlib_license.html"" class=""external free"">http://www.gzip.org/zlib/zlib_license.html</a> ",
"zlib/libpng License with Acknowledgement"," zlib with acknowledgement "," Yes ","NO ","NO           ","<a href=""https://fedoraproject.org/wiki/Licensing/ZlibWithAcknowledgement"" class=""external free"">https://fedoraproject.org/wiki/Licensing/ZlibWithAcknowledgement</a> ",
